queue,timestamp,num
,,
process:5g,Thu Sep 14 23:05:49 2017,2
process:5g,Thu Sep 14 23:06:00 2017,2
process:5g,Thu Sep 14 23:06:10 2017,2
process:5g,Thu Sep 14 23:06:20 2017,2
process:5g,Thu Sep 14 23:06:31 2017,2
process:5g,Thu Sep 14 23:06:41 2017,2
process:5g,Thu Sep 14 23:06:52 2017,2
process:5g,Thu Sep 14 23:07:02 2017,2
process:5g,Thu Sep 14 23:07:13 2017,2
process:5g,Thu Sep 14 23:07:23 2017,2
process:5g,Thu Sep 14 23:07:33 2017,2
process:5g,Thu Sep 14 23:07:44 2017,2
process:5g,Thu Sep 14 23:07:55 2017,2
process:5g,Thu Sep 14 23:08:05 2017,2
process:5g,Thu Sep 14 23:08:15 2017,2
process:5g,Thu Sep 14 23:08:26 2017,2
process:5g,Thu Sep 14 23:08:36 2017,2
process:5g,Thu Sep 14 23:08:47 2017,2
process:5g,Thu Sep 14 23:08:57 2017,2
process:5g,Thu Sep 14 23:09:07 2017,2
process:5g,Thu Sep 14 23:09:18 2017,2
process:5g,Thu Sep 14 23:09:28 2017,2
process:5g,Thu Sep 14 23:09:38 2017,2
process:5g,Thu Sep 14 23:09:49 2017,2
process:5g,Thu Sep 14 23:09:59 2017,2
process:5g,Thu Sep 14 23:10:10 2017,2
process:5g,Thu Sep 14 23:10:20 2017,2
process:5g,Thu Sep 14 23:10:31 2017,2
process:5g,Thu Sep 14 23:10:41 2017,2
process:5g,Thu Sep 14 23:10:52 2017,2
process:5g,Thu Sep 14 23:11:02 2017,2
process:5g,Thu Sep 14 23:11:12 2017,2
process:5g,Thu Sep 14 23:11:22 2017,2
process:5g,Thu Sep 14 23:11:33 2017,2
process:5g,Thu Sep 14 23:11:43 2017,2
process:5g,Thu Sep 14 23:11:53 2017,2
process:5g,Thu Sep 14 23:12:03 2017,2
process:5g,Thu Sep 14 23:12:13 2017,2
process:5g,Thu Sep 14 23:12:24 2017,2
process:5g,Thu Sep 14 23:12:34 2017,2
process:5g,Thu Sep 14 23:12:44 2017,2
process:5g,Thu Sep 14 23:12:54 2017,2
process:5g,Thu Sep 14 23:13:05 2017,2
process:5g,Thu Sep 14 23:13:15 2017,2
process:5g,Thu Sep 14 23:13:25 2017,2
process:5g,Thu Sep 14 23:13:36 2017,2
process:5g,Thu Sep 14 23:13:47 2017,2
process:5g,Thu Sep 14 23:13:57 2017,2
process:5g,Thu Sep 14 23:14:08 2017,2
process:5g,Thu Sep 14 23:14:18 2017,2
process:5g,Thu Sep 14 23:14:28 2017,2
process:5g,Thu Sep 14 23:14:38 2017,2
process:5g,Thu Sep 14 23:14:49 2017,2
process:5g,Thu Sep 14 23:14:59 2017,2
process:5g,Thu Sep 14 23:15:09 2017,2
process:5g,Thu Sep 14 23:15:19 2017,2
process:5g,Thu Sep 14 23:15:30 2017,2
process:5g,Thu Sep 14 23:15:40 2017,2
process:5g,Thu Sep 14 23:15:50 2017,2
process:5g,Thu Sep 14 23:16:01 2017,2
process:5g,Thu Sep 14 23:16:11 2017,2
process:5g,Thu Sep 14 23:16:21 2017,2
process:5g,Thu Sep 14 23:16:31 2017,2
process:5g,Thu Sep 14 23:16:42 2017,2
process:5g,Thu Sep 14 23:16:52 2017,2
process:5g,Thu Sep 14 23:17:02 2017,2
process:5g,Thu Sep 14 23:17:12 2017,2
process:5g,Thu Sep 14 23:17:22 2017,2
process:5g,Thu Sep 14 23:17:33 2017,2
process:5g,Thu Sep 14 23:17:43 2017,2
process:5g,Thu Sep 14 23:17:53 2017,2
process:5g,Thu Sep 14 23:18:04 2017,2
process:5g,Thu Sep 14 23:18:14 2017,2
process:5g,Thu Sep 14 23:18:24 2017,2
process:5g,Thu Sep 14 23:18:34 2017,2
process:5g,Thu Sep 14 23:18:45 2017,2
process:5g,Thu Sep 14 23:18:55 2017,2
process:5g,Thu Sep 14 23:19:05 2017,2
process:5g,Thu Sep 14 23:19:15 2017,2
process:5g,Thu Sep 14 23:19:26 2017,2
process:5g,Thu Sep 14 23:19:36 2017,2
process:5g,Thu Sep 14 23:19:46 2017,2
process:5g,Thu Sep 14 23:19:57 2017,2
process:5g,Thu Sep 14 23:20:07 2017,2
process:5g,Thu Sep 14 23:20:17 2017,2
process:5g,Thu Sep 14 23:20:27 2017,2
process:5g,Thu Sep 14 23:20:38 2017,2
process:5g,Thu Sep 14 23:20:48 2017,2
process:5g,Thu Sep 14 23:20:58 2017,2
process:5g,Thu Sep 14 23:21:09 2017,2
process:5g,Thu Sep 14 23:21:19 2017,2
process:5g,Thu Sep 14 23:21:29 2017,2
process:5g,Thu Sep 14 23:21:40 2017,2
process:5g,Thu Sep 14 23:21:50 2017,2
process:5g,Thu Sep 14 23:22:01 2017,2
process:5g,Thu Sep 14 23:22:11 2017,2
process:5g,Thu Sep 14 23:22:21 2017,2
process:5g,Thu Sep 14 23:22:31 2017,2
process:5g,Thu Sep 14 23:22:42 2017,2
process:5g,Thu Sep 14 23:22:52 2017,2
process:5g,Thu Sep 14 23:23:02 2017,2
process:5g,Thu Sep 14 23:23:13 2017,2
process:5g,Thu Sep 14 23:23:23 2017,2
process:5g,Thu Sep 14 23:23:33 2017,2
process:5g,Thu Sep 14 23:23:43 2017,2
process:5g,Thu Sep 14 23:23:54 2017,2
process:5g,Thu Sep 14 23:24:04 2017,2
process:5g,Thu Sep 14 23:24:14 2017,2
process:5g,Thu Sep 14 23:24:25 2017,2
process:5g,Thu Sep 14 23:24:35 2017,2
process:5g,Thu Sep 14 23:24:45 2017,2
process:5g,Thu Sep 14 23:24:56 2017,2
process:5g,Thu Sep 14 23:25:06 2017,2
process:5g,Thu Sep 14 23:25:17 2017,2
process:5g,Thu Sep 14 23:25:27 2017,2
process:5g,Thu Sep 14 23:25:37 2017,2
process:5g,Thu Sep 14 23:25:47 2017,2
process:5g,Thu Sep 14 23:25:58 2017,2
process:5g,Thu Sep 14 23:26:08 2017,2
process:5g,Thu Sep 14 23:26:19 2017,2
process:5g,Thu Sep 14 23:26:29 2017,2
process:5g,Thu Sep 14 23:26:40 2017,2
process:5g,Thu Sep 14 23:26:50 2017,2
process:5g,Thu Sep 14 23:27:00 2017,2
process:5g,Thu Sep 14 23:27:11 2017,2
process:5g,Thu Sep 14 23:27:21 2017,2
process:5g,Thu Sep 14 23:27:31 2017,2
process:5g,Thu Sep 14 23:27:42 2017,2
process:5g,Thu Sep 14 23:27:52 2017,2
process:5g,Thu Sep 14 23:28:02 2017,2
process:5g,Thu Sep 14 23:28:13 2017,2
process:5g,Thu Sep 14 23:28:23 2017,2
process:5g,Thu Sep 14 23:28:34 2017,2
process:5g,Thu Sep 14 23:28:44 2017,2
process:5g,Thu Sep 14 23:28:55 2017,2
process:5g,Thu Sep 14 23:29:05 2017,2
process:5g,Thu Sep 14 23:29:15 2017,2
process:5g,Thu Sep 14 23:29:26 2017,2
process:5g,Thu Sep 14 23:29:36 2017,2
process:5g,Thu Sep 14 23:29:46 2017,2
process:5g,Thu Sep 14 23:29:57 2017,2
process:5g,Thu Sep 14 23:30:07 2017,2
process:5g,Thu Sep 14 23:30:17 2017,2
process:5g,Thu Sep 14 23:30:28 2017,2
process:5g,Thu Sep 14 23:30:38 2017,2
process:5g,Thu Sep 14 23:30:48 2017,2
process:5g,Thu Sep 14 23:30:59 2017,2
process:5g,Thu Sep 14 23:31:09 2017,2
process:5g,Thu Sep 14 23:31:19 2017,2
process:5g,Thu Sep 14 23:31:29 2017,2
process:5g,Thu Sep 14 23:31:40 2017,2
process:5g,Thu Sep 14 23:31:50 2017,2
process:5g,Thu Sep 14 23:32:00 2017,2
process:5g,Thu Sep 14 23:32:11 2017,2
process:5g,Thu Sep 14 23:32:21 2017,2
process:5g,Thu Sep 14 23:32:31 2017,2
process:5g,Thu Sep 14 23:32:42 2017,2
process:5g,Thu Sep 14 23:32:52 2017,2
process:5g,Thu Sep 14 23:33:02 2017,2
process:5g,Thu Sep 14 23:33:13 2017,2
process:5g,Thu Sep 14 23:33:23 2017,2
process:5g,Thu Sep 14 23:33:33 2017,2
process:5g,Thu Sep 14 23:33:43 2017,2
process:5g,Thu Sep 14 23:33:54 2017,2
process:5g,Thu Sep 14 23:34:04 2017,2
process:5g,Thu Sep 14 23:34:15 2017,2
process:5g,Thu Sep 14 23:34:25 2017,2
process:5g,Thu Sep 14 23:34:35 2017,2
process:5g,Thu Sep 14 23:34:45 2017,2
process:5g,Thu Sep 14 23:34:56 2017,2
process:5g,Thu Sep 14 23:35:06 2017,2
process:5g,Thu Sep 14 23:35:16 2017,2
process:5g,Thu Sep 14 23:35:27 2017,2
process:5g,Thu Sep 14 23:35:37 2017,2
process:5g,Thu Sep 14 23:35:47 2017,2
process:5g,Thu Sep 14 23:35:58 2017,2
process:5g,Thu Sep 14 23:36:08 2017,2
process:5g,Thu Sep 14 23:36:18 2017,2
process:5g,Thu Sep 14 23:36:29 2017,2
process:5g,Thu Sep 14 23:36:39 2017,2
process:5g,Thu Sep 14 23:36:49 2017,2
process:5g,Thu Sep 14 23:36:59 2017,2
process:5g,Thu Sep 14 23:37:10 2017,2
process:5g,Thu Sep 14 23:37:20 2017,2
process:5g,Thu Sep 14 23:37:30 2017,2
process:5g,Thu Sep 14 23:37:41 2017,2
process:5g,Thu Sep 14 23:37:51 2017,2
process:5g,Thu Sep 14 23:38:01 2017,2
process:5g,Thu Sep 14 23:38:12 2017,2
process:5g,Thu Sep 14 23:38:22 2017,2
process:5g,Thu Sep 14 23:38:32 2017,2
process:5g,Thu Sep 14 23:38:42 2017,2
process:5g,Thu Sep 14 23:38:53 2017,2
process:5g,Thu Sep 14 23:39:03 2017,2
process:5g,Thu Sep 14 23:39:13 2017,2
process:5g,Thu Sep 14 23:39:24 2017,2
process:5g,Thu Sep 14 23:39:34 2017,2
process:5g,Thu Sep 14 23:39:44 2017,2
process:5g,Thu Sep 14 23:39:54 2017,2
process:5g,Thu Sep 14 23:40:05 2017,2
process:5g,Thu Sep 14 23:40:15 2017,2
process:5g,Thu Sep 14 23:40:25 2017,2
process:5g,Thu Sep 14 23:40:36 2017,2
process:5g,Thu Sep 14 23:40:46 2017,2
process:5g,Thu Sep 14 23:40:56 2017,2
process:5g,Thu Sep 14 23:41:07 2017,2
process:5g,Thu Sep 14 23:41:17 2017,2
process:5g,Thu Sep 14 23:41:27 2017,2
process:5g,Thu Sep 14 23:41:38 2017,2
process:5g,Thu Sep 14 23:41:48 2017,2
process:5g,Thu Sep 14 23:41:58 2017,2
process:5g,Thu Sep 14 23:42:09 2017,2
process:5g,Thu Sep 14 23:42:19 2017,2
process:5g,Thu Sep 14 23:42:29 2017,2
process:5g,Thu Sep 14 23:42:40 2017,2
process:5g,Thu Sep 14 23:42:50 2017,2
process:5g,Thu Sep 14 23:43:00 2017,2
process:5g,Thu Sep 14 23:43:10 2017,2
process:5g,Thu Sep 14 23:43:21 2017,2
process:5g,Thu Sep 14 23:43:31 2017,2
process:5g,Thu Sep 14 23:43:41 2017,2
process:5g,Thu Sep 14 23:43:52 2017,2
process:5g,Thu Sep 14 23:44:02 2017,2
process:5g,Thu Sep 14 23:44:12 2017,2
process:5g,Thu Sep 14 23:44:23 2017,2
process:5g,Thu Sep 14 23:44:33 2017,2
process:5g,Thu Sep 14 23:44:43 2017,2
process:5g,Thu Sep 14 23:44:53 2017,2
process:5g,Thu Sep 14 23:45:04 2017,2
process:5g,Thu Sep 14 23:45:14 2017,2
process:5g,Thu Sep 14 23:45:25 2017,2
process:5g,Thu Sep 14 23:45:35 2017,2
process:5g,Thu Sep 14 23:45:45 2017,2
process:5g,Thu Sep 14 23:45:55 2017,2
process:5g,Thu Sep 14 23:46:06 2017,2
process:5g,Thu Sep 14 23:46:16 2017,2
process:5g,Thu Sep 14 23:46:26 2017,2
process:5g,Thu Sep 14 23:46:37 2017,2
process:5g,Thu Sep 14 23:46:47 2017,2
process:5g,Thu Sep 14 23:46:57 2017,2
process:5g,Thu Sep 14 23:47:08 2017,2
process:5g,Thu Sep 14 23:47:18 2017,2
process:5g,Thu Sep 14 23:47:28 2017,2
process:5g,Thu Sep 14 23:47:39 2017,2
process:5g,Thu Sep 14 23:47:49 2017,2
process:5g,Thu Sep 14 23:47:59 2017,2
process:5g,Thu Sep 14 23:48:09 2017,2
process:5g,Thu Sep 14 23:48:20 2017,2
process:5g,Thu Sep 14 23:48:30 2017,2
process:5g,Thu Sep 14 23:48:40 2017,2
process:5g,Thu Sep 14 23:48:52 2017,2
process:5g,Thu Sep 14 23:49:02 2017,2
process:5g,Thu Sep 14 23:49:12 2017,2
process:5g,Thu Sep 14 23:49:23 2017,2
process:5g,Thu Sep 14 23:49:34 2017,2
process:5g,Thu Sep 14 23:49:44 2017,2
process:5g,Thu Sep 14 23:49:54 2017,2
process:5g,Thu Sep 14 23:50:05 2017,2
process:5g,Thu Sep 14 23:50:15 2017,2
process:5g,Thu Sep 14 23:50:26 2017,2
process:5g,Thu Sep 14 23:50:36 2017,2
process:5g,Thu Sep 14 23:50:47 2017,2
process:5g,Thu Sep 14 23:50:58 2017,2
process:5g,Thu Sep 14 23:51:08 2017,2
process:5g,Thu Sep 14 23:51:18 2017,2
process:5g,Thu Sep 14 23:51:29 2017,2
process:5g,Thu Sep 14 23:51:40 2017,2
process:5g,Thu Sep 14 23:51:50 2017,2
process:5g,Thu Sep 14 23:52:00 2017,2
process:5g,Thu Sep 14 23:52:11 2017,2
process:5g,Thu Sep 14 23:52:21 2017,2
process:5g,Thu Sep 14 23:52:31 2017,2
process:5g,Thu Sep 14 23:52:42 2017,2
process:5g,Thu Sep 14 23:52:52 2017,2
process:5g,Thu Sep 14 23:53:02 2017,2
process:5g,Thu Sep 14 23:53:13 2017,2
process:5g,Thu Sep 14 23:53:23 2017,2
process:5g,Thu Sep 14 23:53:33 2017,2
process:5g,Thu Sep 14 23:53:44 2017,2
process:5g,Thu Sep 14 23:53:54 2017,2
process:5g,Thu Sep 14 23:54:04 2017,2
process:5g,Thu Sep 14 23:54:14 2017,2
process:5g,Thu Sep 14 23:54:25 2017,2
process:5g,Thu Sep 14 23:54:35 2017,2
process:5g,Thu Sep 14 23:54:46 2017,2
process:5g,Thu Sep 14 23:54:56 2017,2
process:5g,Thu Sep 14 23:55:07 2017,2
process:5g,Thu Sep 14 23:55:17 2017,2
process:5g,Thu Sep 14 23:55:27 2017,2
process:5g,Thu Sep 14 23:55:37 2017,2
process:5g,Thu Sep 14 23:55:48 2017,2
process:5g,Thu Sep 14 23:55:58 2017,2
process:5g,Thu Sep 14 23:56:08 2017,2
process:5g,Thu Sep 14 23:56:18 2017,2
process:5g,Thu Sep 14 23:56:29 2017,2
process:5g,Thu Sep 14 23:56:39 2017,2
process:5g,Thu Sep 14 23:56:49 2017,2
process:5g,Thu Sep 14 23:56:59 2017,2
process:5g,Thu Sep 14 23:57:09 2017,2
process:5g,Thu Sep 14 23:57:19 2017,2
process:5g,Thu Sep 14 23:57:29 2017,2
process:5g,Thu Sep 14 23:57:39 2017,2
process:5g,Thu Sep 14 23:57:50 2017,2
process:5g,Thu Sep 14 23:58:00 2017,2
process:5g,Thu Sep 14 23:58:10 2017,2
process:5g,Thu Sep 14 23:58:20 2017,2
process:5g,Thu Sep 14 23:58:30 2017,2
process:5g,Thu Sep 14 23:58:41 2017,2
process:5g,Thu Sep 14 23:58:51 2017,2
process:5g,Thu Sep 14 23:59:01 2017,2
process:5g,Thu Sep 14 23:59:11 2017,2
process:5g,Thu Sep 14 23:59:22 2017,2
process:5g,Thu Sep 14 23:59:32 2017,2
process:5g,Thu Sep 14 23:59:42 2017,2
process:5g,Thu Sep 14 23:59:52 2017,2
process:5g,Fri Sep 15 00:00:02 2017,2
process:5g,Fri Sep 15 00:00:12 2017,2
process:5g,Fri Sep 15 00:00:23 2017,2
process:5g,Fri Sep 15 00:00:33 2017,2
process:5g,Fri Sep 15 00:00:43 2017,2
process:5g,Fri Sep 15 00:00:54 2017,2
process:5g,Fri Sep 15 00:01:04 2017,2
process:5g,Fri Sep 15 00:01:14 2017,2
process:5g,Fri Sep 15 00:01:24 2017,2
process:5g,Fri Sep 15 00:01:34 2017,2
process:5g,Fri Sep 15 00:01:44 2017,2
process:5g,Fri Sep 15 00:01:55 2017,2
process:5g,Fri Sep 15 00:02:05 2017,2
process:5g,Fri Sep 15 00:02:15 2017,2
process:5g,Fri Sep 15 00:02:25 2017,2
process:5g,Fri Sep 15 00:02:35 2017,2
process:5g,Fri Sep 15 00:02:45 2017,2
,Fri Sep 15 00:02:55 2017,
,Fri Sep 15 00:03:06 2017,
,Fri Sep 15 00:03:16 2017,
,Fri Sep 15 00:03:26 2017,
,Fri Sep 15 00:03:36 2017,
,Fri Sep 15 00:03:46 2017,
,Fri Sep 15 00:03:56 2017,
,Fri Sep 15 00:04:06 2017,
,Fri Sep 15 00:04:16 2017,
,Fri Sep 15 00:04:26 2017,
,Fri Sep 15 00:04:36 2017,
,Fri Sep 15 00:04:46 2017,
,Fri Sep 15 00:04:56 2017,
,Fri Sep 15 00:05:06 2017,
,Fri Sep 15 00:05:16 2017,
,Fri Sep 15 00:05:27 2017,
,Fri Sep 15 00:05:37 2017,
,Fri Sep 15 00:05:47 2017,
,Fri Sep 15 00:05:57 2017,
,Fri Sep 15 00:06:07 2017,
,Fri Sep 15 00:06:17 2017,
process:5g,Fri Sep 15 00:06:27 2017,2
,Fri Sep 15 00:06:37 2017,
,Fri Sep 15 00:06:47 2017,
,Fri Sep 15 00:06:57 2017,
,Fri Sep 15 00:07:07 2017,
,Fri Sep 15 00:07:17 2017,
,Fri Sep 15 00:07:27 2017,
,Fri Sep 15 00:07:37 2017,
process:5g,Fri Sep 15 00:07:47 2017,2
,Fri Sep 15 00:07:58 2017,
,Fri Sep 15 00:08:08 2017,
,Fri Sep 15 00:08:18 2017,
,Fri Sep 15 00:08:28 2017,
,Fri Sep 15 00:08:38 2017,
process:5g,Fri Sep 15 00:08:48 2017,2
process:5g,Fri Sep 15 00:08:58 2017,2
,Fri Sep 15 00:09:08 2017,
,Fri Sep 15 00:09:18 2017,
,Fri Sep 15 00:09:29 2017,
,Fri Sep 15 00:09:39 2017,
,Fri Sep 15 00:09:49 2017,
,Fri Sep 15 00:09:59 2017,
,Fri Sep 15 00:10:09 2017,
,Fri Sep 15 00:10:19 2017,
,Fri Sep 15 00:10:29 2017,
process:5g,Fri Sep 15 00:10:39 2017,2
,Fri Sep 15 00:10:49 2017,
,Fri Sep 15 00:10:59 2017,
,Fri Sep 15 00:11:09 2017,
,Fri Sep 15 00:11:19 2017,
,Fri Sep 15 00:11:30 2017,
,Fri Sep 15 00:11:40 2017,
process:5g,Fri Sep 15 00:11:50 2017,2
,Fri Sep 15 00:12:00 2017,
,Fri Sep 15 00:12:10 2017,
,Fri Sep 15 00:12:20 2017,
process:5g,Fri Sep 15 00:12:30 2017,2
,Fri Sep 15 00:12:40 2017,
,Fri Sep 15 00:12:50 2017,
,Fri Sep 15 00:13:00 2017,
,Fri Sep 15 00:13:10 2017,
,Fri Sep 15 00:13:21 2017,
,Fri Sep 15 00:13:31 2017,
,Fri Sep 15 00:13:41 2017,
process:5g,Fri Sep 15 00:13:51 2017,2
,Fri Sep 15 00:14:01 2017,
,Fri Sep 15 00:14:11 2017,
,Fri Sep 15 00:14:21 2017,
,Fri Sep 15 00:14:31 2017,
,Fri Sep 15 00:14:41 2017,
,Fri Sep 15 00:14:51 2017,
,Fri Sep 15 00:15:01 2017,
,Fri Sep 15 00:15:11 2017,
,Fri Sep 15 00:15:22 2017,
,Fri Sep 15 00:15:32 2017,
,Fri Sep 15 00:15:42 2017,
,Fri Sep 15 00:15:52 2017,
process:5g,Fri Sep 15 00:16:02 2017,2
,Fri Sep 15 00:16:12 2017,
,Fri Sep 15 00:16:22 2017,
,Fri Sep 15 00:16:32 2017,
process:5g,Fri Sep 15 00:16:43 2017,2
,Fri Sep 15 00:16:53 2017,
process:5g,Fri Sep 15 00:17:03 2017,2
,Fri Sep 15 00:17:13 2017,
process:5g,Fri Sep 15 00:17:23 2017,2
,Fri Sep 15 00:17:33 2017,
process:5g,Fri Sep 15 00:17:43 2017,2
,Fri Sep 15 00:17:53 2017,
,Fri Sep 15 00:18:03 2017,
,Fri Sep 15 00:18:14 2017,
,Fri Sep 15 00:18:24 2017,
,Fri Sep 15 00:18:34 2017,
,Fri Sep 15 00:18:44 2017,
,Fri Sep 15 00:18:54 2017,
,Fri Sep 15 00:19:04 2017,
,Fri Sep 15 00:19:14 2017,
,Fri Sep 15 00:19:24 2017,
,Fri Sep 15 00:19:34 2017,
,Fri Sep 15 00:19:44 2017,
,Fri Sep 15 00:19:54 2017,
process:5g,Fri Sep 15 00:20:04 2017,2
,Fri Sep 15 00:20:15 2017,
process:5g,Fri Sep 15 00:20:25 2017,2
,Fri Sep 15 00:20:35 2017,
,Fri Sep 15 00:20:45 2017,
,Fri Sep 15 00:20:55 2017,
,Fri Sep 15 00:21:05 2017,
,Fri Sep 15 00:21:15 2017,
,Fri Sep 15 00:21:25 2017,
,Fri Sep 15 00:21:35 2017,
process:5g,Fri Sep 15 00:21:45 2017,2
,Fri Sep 15 00:21:55 2017,
,Fri Sep 15 00:22:05 2017,
,Fri Sep 15 00:22:15 2017,
,Fri Sep 15 00:22:26 2017,
,Fri Sep 15 00:22:36 2017,
,Fri Sep 15 00:22:46 2017,
,Fri Sep 15 00:22:56 2017,
,Fri Sep 15 00:23:06 2017,
,Fri Sep 15 00:23:16 2017,
,Fri Sep 15 00:23:26 2017,
,Fri Sep 15 00:23:36 2017,
,Fri Sep 15 00:23:46 2017,
,Fri Sep 15 00:23:56 2017,
,Fri Sep 15 00:24:06 2017,
,Fri Sep 15 00:24:16 2017,
,Fri Sep 15 00:24:26 2017,
,Fri Sep 15 00:24:36 2017,
,Fri Sep 15 00:24:47 2017,
,Fri Sep 15 00:24:57 2017,
,Fri Sep 15 00:25:07 2017,
,Fri Sep 15 00:25:17 2017,
,Fri Sep 15 00:25:27 2017,
,Fri Sep 15 00:25:37 2017,
process:5g,Fri Sep 15 00:25:47 2017,2
,Fri Sep 15 00:25:57 2017,
,Fri Sep 15 00:26:07 2017,
,Fri Sep 15 00:26:17 2017,
,Fri Sep 15 00:26:27 2017,
,Fri Sep 15 00:26:37 2017,
,Fri Sep 15 00:26:47 2017,
,Fri Sep 15 00:26:58 2017,
,Fri Sep 15 00:27:08 2017,
,Fri Sep 15 00:27:18 2017,
,Fri Sep 15 00:27:28 2017,
,Fri Sep 15 00:27:38 2017,
,Fri Sep 15 00:27:48 2017,
,Fri Sep 15 00:27:58 2017,
,Fri Sep 15 00:28:08 2017,
,Fri Sep 15 00:28:18 2017,
,Fri Sep 15 00:28:28 2017,
,Fri Sep 15 00:28:38 2017,
,Fri Sep 15 00:28:48 2017,
,Fri Sep 15 00:28:58 2017,
,Fri Sep 15 00:29:08 2017,
,Fri Sep 15 00:29:18 2017,
,Fri Sep 15 00:29:29 2017,
,Fri Sep 15 00:29:39 2017,
,Fri Sep 15 00:29:49 2017,
,Fri Sep 15 00:29:59 2017,
,Fri Sep 15 00:30:09 2017,
,Fri Sep 15 00:30:19 2017,
,Fri Sep 15 00:30:29 2017,
,Fri Sep 15 00:30:39 2017,
,Fri Sep 15 00:30:49 2017,
,Fri Sep 15 00:30:59 2017,
,Fri Sep 15 00:31:09 2017,
,Fri Sep 15 00:31:19 2017,
,Fri Sep 15 00:31:29 2017,
,Fri Sep 15 00:31:39 2017,
,Fri Sep 15 00:31:49 2017,
,Fri Sep 15 00:32:00 2017,
,Fri Sep 15 00:32:10 2017,
,Fri Sep 15 00:32:20 2017,
,Fri Sep 15 00:32:30 2017,
process:5g,Fri Sep 15 00:32:40 2017,2
process:5g,Fri Sep 15 00:32:50 2017,2
,Fri Sep 15 00:33:00 2017,
process:5g,Fri Sep 15 00:33:10 2017,2
,Fri Sep 15 00:33:20 2017,
,Fri Sep 15 00:33:30 2017,
,Fri Sep 15 00:33:41 2017,
process:5g,Fri Sep 15 00:33:51 2017,2
,Fri Sep 15 00:34:01 2017,
,Fri Sep 15 00:34:11 2017,
,Fri Sep 15 00:34:21 2017,
,Fri Sep 15 00:34:31 2017,
process:5g,Fri Sep 15 00:34:41 2017,2
,Fri Sep 15 00:34:51 2017,
,Fri Sep 15 00:35:01 2017,
,Fri Sep 15 00:35:11 2017,
,Fri Sep 15 00:35:22 2017,
,Fri Sep 15 00:35:32 2017,
process:5g,Fri Sep 15 00:35:42 2017,2
process:5g,Fri Sep 15 00:35:52 2017,2
process:5g,Fri Sep 15 00:36:02 2017,2
process:5g,Fri Sep 15 00:36:12 2017,2
process:5g,Fri Sep 15 00:36:22 2017,2
process:5g,Fri Sep 15 00:36:32 2017,2
process:5g,Fri Sep 15 00:36:42 2017,2
process:5g,Fri Sep 15 00:36:52 2017,2
process:5g,Fri Sep 15 00:37:03 2017,2
process:5g,Fri Sep 15 00:37:13 2017,2
process:5g,Fri Sep 15 00:37:23 2017,2
process:5g,Fri Sep 15 00:37:33 2017,2
process:5g,Fri Sep 15 00:37:43 2017,2
process:5g,Fri Sep 15 00:37:54 2017,2
process:5g,Fri Sep 15 00:38:04 2017,2
process:5g,Fri Sep 15 00:38:14 2017,2
process:5g,Fri Sep 15 00:38:24 2017,2
process:5g,Fri Sep 15 00:38:35 2017,2
process:5g,Fri Sep 15 00:38:45 2017,2
process:5g,Fri Sep 15 00:38:55 2017,2
process:5g,Fri Sep 15 00:39:05 2017,2
process:5g,Fri Sep 15 00:39:16 2017,2
process:5g,Fri Sep 15 00:39:26 2017,2
process:5g,Fri Sep 15 00:39:36 2017,2
process:5g,Fri Sep 15 00:39:46 2017,2
process:5g,Fri Sep 15 00:39:57 2017,2
process:5g,Fri Sep 15 00:40:07 2017,2
process:5g,Fri Sep 15 00:40:17 2017,2
process:5g,Fri Sep 15 00:40:27 2017,2
process:5g,Fri Sep 15 00:40:37 2017,2
process:5g,Fri Sep 15 00:40:48 2017,2
process:5g,Fri Sep 15 00:40:58 2017,2
process:5g,Fri Sep 15 00:41:08 2017,2
process:5g,Fri Sep 15 00:41:18 2017,2
process:5g,Fri Sep 15 00:41:29 2017,2
process:5g,Fri Sep 15 00:41:39 2017,2
process:5g,Fri Sep 15 00:41:49 2017,2
process:5g,Fri Sep 15 00:41:59 2017,2
process:5g,Fri Sep 15 00:42:10 2017,2
process:5g,Fri Sep 15 00:42:20 2017,2
process:5g,Fri Sep 15 00:42:30 2017,2
process:5g,Fri Sep 15 00:42:40 2017,2
process:5g,Fri Sep 15 00:42:50 2017,2
process:5g,Fri Sep 15 00:43:01 2017,2
process:5g,Fri Sep 15 00:43:11 2017,2
process:5g,Fri Sep 15 00:43:21 2017,2
process:5g,Fri Sep 15 00:43:31 2017,2
process:5g,Fri Sep 15 00:43:42 2017,2
process:5g,Fri Sep 15 00:43:52 2017,2
process:5g,Fri Sep 15 00:44:02 2017,2
process:5g,Fri Sep 15 00:44:12 2017,2
process:5g,Fri Sep 15 00:44:23 2017,2
process:5g,Fri Sep 15 00:44:33 2017,2
process:5g,Fri Sep 15 00:44:43 2017,2
process:5g,Fri Sep 15 00:44:54 2017,2
process:5g,Fri Sep 15 00:45:04 2017,2
process:5g,Fri Sep 15 00:45:14 2017,2
process:5g,Fri Sep 15 00:45:24 2017,2
process:5g,Fri Sep 15 00:45:34 2017,2
process:5g,Fri Sep 15 00:45:45 2017,2
process:5g,Fri Sep 15 00:45:55 2017,2
process:5g,Fri Sep 15 00:46:05 2017,2
process:5g,Fri Sep 15 00:46:15 2017,2
process:5g,Fri Sep 15 00:46:25 2017,2
process:5g,Fri Sep 15 00:46:36 2017,2
process:5g,Fri Sep 15 00:46:46 2017,2
process:5g,Fri Sep 15 00:46:56 2017,2
process:5g,Fri Sep 15 00:47:07 2017,2
process:5g,Fri Sep 15 00:47:17 2017,2
process:5g,Fri Sep 15 00:47:27 2017,2
process:5g,Fri Sep 15 00:47:37 2017,2
process:5g,Fri Sep 15 00:47:48 2017,2
process:5g,Fri Sep 15 00:47:58 2017,2
process:5g,Fri Sep 15 00:48:08 2017,2
process:5g,Fri Sep 15 00:48:18 2017,2
process:5g,Fri Sep 15 00:48:29 2017,2
process:5g,Fri Sep 15 00:48:39 2017,2
process:5g,Fri Sep 15 00:48:49 2017,2
process:5g,Fri Sep 15 00:48:59 2017,2
process:5g,Fri Sep 15 00:49:09 2017,2
process:5g,Fri Sep 15 00:49:20 2017,2
process:5g,Fri Sep 15 00:49:30 2017,2
process:5g,Fri Sep 15 00:49:40 2017,2
process:5g,Fri Sep 15 00:49:51 2017,2
process:5g,Fri Sep 15 00:50:01 2017,2
process:5g,Fri Sep 15 00:50:11 2017,2
process:5g,Fri Sep 15 00:50:22 2017,2
process:5g,Fri Sep 15 00:50:32 2017,2
process:5g,Fri Sep 15 00:50:42 2017,2
process:5g,Fri Sep 15 00:50:52 2017,2
process:5g,Fri Sep 15 00:51:03 2017,2
process:5g,Fri Sep 15 00:51:13 2017,2
process:5g,Fri Sep 15 00:51:23 2017,2
process:5g,Fri Sep 15 00:51:34 2017,2
process:5g,Fri Sep 15 00:51:44 2017,2
process:5g,Fri Sep 15 00:51:54 2017,2
process:5g,Fri Sep 15 00:52:05 2017,2
process:5g,Fri Sep 15 00:52:15 2017,2
process:5g,Fri Sep 15 00:52:25 2017,2
process:5g,Fri Sep 15 00:52:36 2017,2
process:5g,Fri Sep 15 00:52:46 2017,2
process:5g,Fri Sep 15 00:52:56 2017,2
process:5g,Fri Sep 15 00:53:06 2017,2
process:5g,Fri Sep 15 00:53:17 2017,2
process:5g,Fri Sep 15 00:53:27 2017,2
process:5g,Fri Sep 15 00:53:38 2017,2
process:5g,Fri Sep 15 00:53:48 2017,2
process:5g,Fri Sep 15 00:53:58 2017,2
process:5g,Fri Sep 15 00:54:08 2017,2
process:5g,Fri Sep 15 00:54:19 2017,2
process:5g,Fri Sep 15 00:54:29 2017,2
process:5g,Fri Sep 15 00:54:39 2017,2
process:5g,Fri Sep 15 00:54:50 2017,2
process:5g,Fri Sep 15 00:55:00 2017,2
process:5g,Fri Sep 15 00:55:10 2017,2
process:5g,Fri Sep 15 00:55:20 2017,2
process:5g,Fri Sep 15 00:55:31 2017,2
process:5g,Fri Sep 15 00:55:41 2017,2
process:5g,Fri Sep 15 00:55:52 2017,2
process:5g,Fri Sep 15 00:56:02 2017,2
process:5g,Fri Sep 15 00:56:12 2017,2
process:5g,Fri Sep 15 00:56:22 2017,2
process:5g,Fri Sep 15 00:56:33 2017,2
process:5g,Fri Sep 15 00:56:43 2017,2
process:5g,Fri Sep 15 00:56:53 2017,2
process:5g,Fri Sep 15 00:57:04 2017,2
process:5g,Fri Sep 15 00:57:14 2017,2
process:5g,Fri Sep 15 00:57:24 2017,2
process:5g,Fri Sep 15 00:57:34 2017,2
process:5g,Fri Sep 15 00:57:45 2017,2
process:5g,Fri Sep 15 00:57:55 2017,2
process:5g,Fri Sep 15 00:58:05 2017,2
process:5g,Fri Sep 15 00:58:15 2017,2
process:5g,Fri Sep 15 00:58:26 2017,2
process:5g,Fri Sep 15 00:58:36 2017,2
process:5g,Fri Sep 15 00:58:47 2017,2
process:5g,Fri Sep 15 00:58:57 2017,2
process:5g,Fri Sep 15 00:59:08 2017,2
process:5g,Fri Sep 15 00:59:18 2017,2
process:5g,Fri Sep 15 00:59:28 2017,2
process:5g,Fri Sep 15 00:59:39 2017,2
process:5g,Fri Sep 15 00:59:49 2017,2
process:5g,Fri Sep 15 00:59:59 2017,2
process:5g,Fri Sep 15 01:00:10 2017,2
process:5g,Fri Sep 15 01:00:20 2017,2
process:5g,Fri Sep 15 01:00:30 2017,2
process:5g,Fri Sep 15 01:00:40 2017,2
process:5g,Fri Sep 15 01:00:50 2017,2
process:5g,Fri Sep 15 01:01:01 2017,2
process:5g,Fri Sep 15 01:01:11 2017,2
process:5g,Fri Sep 15 01:01:21 2017,2
process:5g,Fri Sep 15 01:01:31 2017,2
process:5g,Fri Sep 15 01:01:42 2017,2
process:5g,Fri Sep 15 01:01:52 2017,2
process:5g,Fri Sep 15 01:02:02 2017,2
process:5g,Fri Sep 15 01:02:12 2017,2
process:5g,Fri Sep 15 01:02:22 2017,2
process:5g,Fri Sep 15 01:02:33 2017,2
process:5g,Fri Sep 15 01:02:43 2017,2
process:5g,Fri Sep 15 01:02:53 2017,2
process:5g,Fri Sep 15 01:03:04 2017,2
process:5g,Fri Sep 15 01:03:14 2017,2
process:5g,Fri Sep 15 01:03:24 2017,2
process:5g,Fri Sep 15 01:03:34 2017,2
process:5g,Fri Sep 15 01:03:45 2017,2
process:5g,Fri Sep 15 01:03:55 2017,2
process:5g,Fri Sep 15 01:04:05 2017,2
process:5g,Fri Sep 15 01:04:15 2017,2
process:5g,Fri Sep 15 01:04:26 2017,2
process:5g,Fri Sep 15 01:04:36 2017,2
process:5g,Fri Sep 15 01:04:46 2017,2
process:5g,Fri Sep 15 01:04:56 2017,2
process:5g,Fri Sep 15 01:05:07 2017,2
process:5g,Fri Sep 15 01:05:17 2017,2
process:5g,Fri Sep 15 01:05:27 2017,2
process:5g,Fri Sep 15 01:05:38 2017,2
process:5g,Fri Sep 15 01:05:48 2017,2
process:5g,Fri Sep 15 01:05:58 2017,2
process:5g,Fri Sep 15 01:06:09 2017,2
process:5g,Fri Sep 15 01:06:19 2017,2
process:5g,Fri Sep 15 01:06:29 2017,2
process:5g,Fri Sep 15 01:06:40 2017,2
process:5g,Fri Sep 15 01:06:50 2017,2
process:5g,Fri Sep 15 01:07:00 2017,2
process:5g,Fri Sep 15 01:07:11 2017,2
process:5g,Fri Sep 15 01:07:21 2017,2
process:5g,Fri Sep 15 01:07:31 2017,2
process:5g,Fri Sep 15 01:07:42 2017,2
process:5g,Fri Sep 15 01:07:52 2017,2
process:5g,Fri Sep 15 01:08:02 2017,2
process:5g,Fri Sep 15 01:08:12 2017,2
process:5g,Fri Sep 15 01:08:23 2017,2
process:5g,Fri Sep 15 01:08:33 2017,2
process:5g,Fri Sep 15 01:08:43 2017,2
process:5g,Fri Sep 15 01:08:54 2017,2
process:5g,Fri Sep 15 01:09:04 2017,2
process:5g,Fri Sep 15 01:09:14 2017,2
process:5g,Fri Sep 15 01:09:24 2017,2
process:5g,Fri Sep 15 01:09:35 2017,2
process:5g,Fri Sep 15 01:09:45 2017,2
process:5g,Fri Sep 15 01:09:55 2017,2
process:5g,Fri Sep 15 01:10:06 2017,2
process:5g,Fri Sep 15 01:10:16 2017,2
process:5g,Fri Sep 15 01:10:26 2017,2
process:5g,Fri Sep 15 01:10:37 2017,2
process:5g,Fri Sep 15 01:10:47 2017,2
process:5g,Fri Sep 15 01:10:57 2017,2
process:5g,Fri Sep 15 01:11:08 2017,2
process:5g,Fri Sep 15 01:11:18 2017,2
process:5g,Fri Sep 15 01:11:28 2017,2
process:5g,Fri Sep 15 01:11:39 2017,2
process:5g,Fri Sep 15 01:11:49 2017,2
process:5g,Fri Sep 15 01:11:59 2017,2
process:5g,Fri Sep 15 01:12:10 2017,2
process:5g,Fri Sep 15 01:12:20 2017,2
process:5g,Fri Sep 15 01:12:30 2017,2
process:5g,Fri Sep 15 01:12:40 2017,2
process:5g,Fri Sep 15 01:12:51 2017,2
process:5g,Fri Sep 15 01:13:01 2017,2
process:5g,Fri Sep 15 01:13:12 2017,2
process:5g,Fri Sep 15 01:13:22 2017,2
process:5g,Fri Sep 15 01:13:32 2017,2
process:5g,Fri Sep 15 01:13:43 2017,2
process:5g,Fri Sep 15 01:13:53 2017,2
process:5g,Fri Sep 15 01:14:03 2017,2
process:5g,Fri Sep 15 01:14:14 2017,2
process:5g,Fri Sep 15 01:14:24 2017,2
process:5g,Fri Sep 15 01:14:35 2017,2
process:5g,Fri Sep 15 01:14:45 2017,2
process:5g,Fri Sep 15 01:14:56 2017,2
process:5g,Fri Sep 15 01:15:06 2017,2
process:5g,Fri Sep 15 01:15:17 2017,2
process:5g,Fri Sep 15 01:15:27 2017,2
process:5g,Fri Sep 15 01:15:38 2017,2
process:5g,Fri Sep 15 01:15:48 2017,2
process:5g,Fri Sep 15 01:15:59 2017,2
process:5g,Fri Sep 15 01:16:09 2017,2
process:5g,Fri Sep 15 01:16:20 2017,2
process:5g,Fri Sep 15 01:16:30 2017,2
process:5g,Fri Sep 15 01:16:41 2017,2
process:5g,Fri Sep 15 01:16:51 2017,2
process:5g,Fri Sep 15 01:17:02 2017,2
process:5g,Fri Sep 15 01:17:12 2017,2
process:5g,Fri Sep 15 01:17:23 2017,2
process:5g,Fri Sep 15 01:17:33 2017,2
process:5g,Fri Sep 15 01:17:44 2017,2
process:5g,Fri Sep 15 01:17:54 2017,2
process:5g,Fri Sep 15 01:18:05 2017,2
process:5g,Fri Sep 15 01:18:15 2017,2
process:5g,Fri Sep 15 01:18:26 2017,2
process:5g,Fri Sep 15 01:18:36 2017,2
process:5g,Fri Sep 15 01:18:47 2017,2
process:5g,Fri Sep 15 01:18:57 2017,2
process:5g,Fri Sep 15 01:19:08 2017,2
process:5g,Fri Sep 15 01:19:18 2017,2
process:5g,Fri Sep 15 01:19:29 2017,2
process:5g,Fri Sep 15 01:19:39 2017,2
process:5g,Fri Sep 15 01:19:49 2017,2
process:5g,Fri Sep 15 01:20:00 2017,2
process:5g,Fri Sep 15 01:20:10 2017,2
process:5g,Fri Sep 15 01:20:21 2017,2
process:5g,Fri Sep 15 01:20:31 2017,2
process:5g,Fri Sep 15 01:20:41 2017,2
process:5g,Fri Sep 15 01:20:52 2017,2
process:5g,Fri Sep 15 01:21:02 2017,2
process:5g,Fri Sep 15 01:21:12 2017,2
process:5g,Fri Sep 15 01:21:23 2017,2
process:5g,Fri Sep 15 01:21:33 2017,2
process:5g,Fri Sep 15 01:21:44 2017,2
process:5g,Fri Sep 15 01:21:54 2017,2
process:5g,Fri Sep 15 01:22:05 2017,2
process:5g,Fri Sep 15 01:22:15 2017,2
process:5g,Fri Sep 15 01:22:25 2017,2
process:5g,Fri Sep 15 01:22:35 2017,2
process:5g,Fri Sep 15 01:22:46 2017,2
process:5g,Fri Sep 15 01:22:56 2017,2
process:5g,Fri Sep 15 01:23:07 2017,2
process:5g,Fri Sep 15 01:23:17 2017,2
process:5g,Fri Sep 15 01:23:27 2017,2
process:5g,Fri Sep 15 01:23:38 2017,2
process:5g,Fri Sep 15 01:23:48 2017,2
process:5g,Fri Sep 15 01:23:58 2017,2
process:5g,Fri Sep 15 01:24:08 2017,2
process:5g,Fri Sep 15 01:24:19 2017,2
process:5g,Fri Sep 15 01:24:29 2017,2
process:5g,Fri Sep 15 01:24:40 2017,2
process:5g,Fri Sep 15 01:24:50 2017,2
process:5g,Fri Sep 15 01:25:00 2017,2
process:5g,Fri Sep 15 01:25:11 2017,2
process:5g,Fri Sep 15 01:25:21 2017,2
process:5g,Fri Sep 15 01:25:31 2017,2
process:5g,Fri Sep 15 01:25:42 2017,2
process:5g,Fri Sep 15 01:25:52 2017,2
process:5g,Fri Sep 15 01:26:03 2017,2
process:5g,Fri Sep 15 01:26:13 2017,2
process:5g,Fri Sep 15 01:26:24 2017,2
process:5g,Fri Sep 15 01:26:34 2017,2
process:5g,Fri Sep 15 01:26:44 2017,2
process:5g,Fri Sep 15 01:26:55 2017,2
process:5g,Fri Sep 15 01:27:05 2017,2
process:5g,Fri Sep 15 01:27:15 2017,2
process:5g,Fri Sep 15 01:27:26 2017,2
process:5g,Fri Sep 15 01:27:36 2017,2
process:5g,Fri Sep 15 01:27:46 2017,2
process:5g,Fri Sep 15 01:27:57 2017,2
process:5g,Fri Sep 15 01:28:07 2017,2
process:5g,Fri Sep 15 01:28:18 2017,2
process:5g,Fri Sep 15 01:28:28 2017,2
process:5g,Fri Sep 15 01:28:39 2017,2
process:5g,Fri Sep 15 01:28:49 2017,2
process:5g,Fri Sep 15 01:28:59 2017,2
process:5g,Fri Sep 15 01:29:10 2017,2
process:5g,Fri Sep 15 01:29:20 2017,2
process:5g,Fri Sep 15 01:29:30 2017,2
process:5g,Fri Sep 15 01:29:41 2017,2
process:5g,Fri Sep 15 01:29:51 2017,2
process:5g,Fri Sep 15 01:30:02 2017,2
process:5g,Fri Sep 15 01:30:12 2017,2
process:5g,Fri Sep 15 01:30:23 2017,2
process:5g,Fri Sep 15 01:30:33 2017,2
